source_hackathon,month,project_tech,tPrimary,tRuby,TJava,TC#,TPython,TPhp,TJavascript,project_type,project_category,project_views,project_longd,project_name,comment_2,comment_1,project_description
Angelhack-Manila,8, CodeIgniter Cluster point Clusterpoint database,Other,FALSE,FALSE,FALSE,FALSE,FALSE,FALSE,Web App,Professional Services,35,,Real Job,,,Real Job in Realtime
Angelhack-Manila,8, Ruby on Rails Android CSS HTML Javascript,Ruby,TRUE,FALSE,FALSE,FALSE,FALSE,TRUE,Android,Social Media,36,,Farmr,,https://github.com/gerardvcruz/farmr,Farmr connects farmers to buyers and helps them manage inventory
Angelhack-Manila,8, CodeIgniter Semantic-UI bluemix Node-red,Javascript,FALSE,FALSE,FALSE,FALSE,FALSE,TRUE,Web App,Medical,29,,SeizeTheDay! (STD),,,Revolutionize your reproductive health information and examination.
Angelhack-Manila,8, Java Android AngularJS Spring Boot,Java,FALSE,TRUE,FALSE,FALSE,FALSE,FALSE,Android,Consumer,39,"expresv is a creative playground for millenials and subject matter experts to collaborate on simple and effective solutions for each other's real life and day-to-day problems, building a better world, one solution at a time",expresv,,,Help. And get help.
Angelhack-Manila,8, No stack info.,Other,FALSE,FALSE,FALSE,FALSE,FALSE,FALSE,NA,Consumer,28,"We believe that great experience matters... a lot. There is a lot of elegant and friendly pre-event (ticketing) and post-event (feedback) solutions to make events organisation as painless as possible. However, the same is not true for in-event solutions. There are still a lot of problems/pains that are not addressed in the actual event. While others focus on the before and after of an event, we fill the gap in between.",Pinpoint,,,Crafting in-event experience
Angelhack-Manila,8, node.js Express.js Google Maps API bluemix Clusterpoint database Bootstrap,Javascript,FALSE,FALSE,FALSE,FALSE,FALSE,TRUE,Web App,Consumer,39,"Park'd not only provides a way for you to find places you can park in, it even shows you how filled those parkings are.",Park'd,,,Find yourself a parking slot when you need it the most
Angelhack-Manila,8, Java PHP Android Amazon AWS html/css Bootstrap XAMPP Javascript,Javascript,FALSE,FALSE,FALSE,FALSE,TRUE,TRUE,Android,Consumer,27,"Tired of spending too much time on integrating Ads, Tracking, Analytics and In-App-Purchases integration? No Worries! Coz Wrap It App! is here to SAVE THE DAY! Wrap It App! is a web application that integrates the SDKs you need into your mobile app with just one click of a button and no additional coding effort at all. User needs to upload the app he wishes to integrate SDK services to. SDK services to integrate can be chosen by the user via Wrap It App!'s dashboard.",Wrap It App!,,"Saves you money, time & effort in developing your apps! :D",Integrate SDKs into App w/ ONE CLICK
Angelhack-Manila,8, ASP.NET C# MySQL QrCode Windows Azure,C#,FALSE,FALSE,TRUE,FALSE,FALSE,FALSE,IOS,Consumer,29,,Nomnom.ph,,,Fast Food Even Faster
Angelhack-Manila,8, No stack info.,Other,FALSE,FALSE,FALSE,FALSE,FALSE,FALSE,NA,Professional Services,32,Uber for handymen,Skilld,,Web version repository: https://github.com/kristianguevara/skilld iOS version repository: https://github.com/jedt/skilld-ios,Jobs on Demand
Angelhack-Manila,8, PHP PostgreSQL Laravel Chikka API Azure IBM Bluemix,PHP,FALSE,FALSE,FALSE,FALSE,TRUE,FALSE,Web App,Consumer,27,"An online parking reservation, payment and management system",Parking Manager,,,parking reservation made easy
Angelhack-Manila,8, PHP Laravel AngularJS telegram Javascript,Javascript,FALSE,FALSE,FALSE,FALSE,TRUE,TRUE,Web App,Consumer,31,"Romeo is an emoji-loving personal assistant who suggests activities based on your location, budget, and other preferences. Whether you're looking for activities with your partner, your family or just plan to go solo, he sure knows the best activities around!",Romeo,,,Your Personal Fun Planner
Angelhack-Manila,8, Laravel,PHP,FALSE,FALSE,FALSE,FALSE,TRUE,FALSE,Web App,Social Media,19,,Enjoin,,,App that connects people through their interest
Angelhack-Manila,8, Angular npm iOS App Bootsrap Clusterpoint database,Javascript,FALSE,FALSE,FALSE,FALSE,FALSE,TRUE,IOS,Consumer,30,"Find, reserve, bid a parking slot!",ParkMe,,,"Find, reserve, bid a parking slot!"
Angelhack-Manila,8, Laravel Chikka API Google Map API,PHP,FALSE,FALSE,FALSE,FALSE,FALSE,FALSE,Web App,Medical,34,"Espesyalista helps the user in locating the nearest clinics, check the clinic services and book for an appointment online.",Espesyalista,,,Easiest way of booking to clinics
Angelhack-Manila,8, Ruby on Rails Android PostgreSQL Chikka API,Ruby,TRUE,FALSE,FALSE,FALSE,FALSE,FALSE,Android,Social Media,30,Mobile app where you can subscribe to different channels and be notified if there is a latest update.,Notify.me,,,Subscribe and be notified.
Angelhack-Manila,8, CakePHP Android Chikka API bluemix cloudant,PHP,FALSE,FALSE,FALSE,FALSE,TRUE,FALSE,Android,Medical,22,For Nurses who needs a more efficient way to speedup and drastically reduce time for their patient handover (endorsement) process during the start and end of their shift.,Tickler,,,Speedup patient handover process
Angelhack-SiliconValley,7, Diffbot API Express.js nodejs SparkPost Cluster point linode hosting,Javascript,FALSE,FALSE,FALSE,FALSE,FALSE,TRUE,Web App,Consumer,8,"Chrome extension that allows you to get notified whenever the product page you use Spookii on shifts in price and/or stock (sold out, back in stock).",Spookii,"Great chrome extension, although will lead to email clutter (will need to see how many people use it due to this). Product is simple and lean.",The Chrome plugin was a nice touch,Email notifications for inventory/price changes
Angelhack-SiliconValley,7, No stack info.,Other,FALSE,FALSE,FALSE,FALSE,FALSE,FALSE,NA,Consumer,35,"Snap nutrition facts to keep your nutrition in check, then compare it to the recommended amount for your age, weight, height and gender.",foodloggr,How do I join?,"Fitness market is huge right now, and a solution to lower input may do well. User Interface needs a lot of work.",Let your phone read nutrition facts for you!
Angelhack-SiliconValley,7, Python,Python,FALSE,FALSE,FALSE,TRUE,FALSE,FALSE,Web App,Consumer,11,"With SpeakEZ, you can speak a foreign language using sounds you already know. Many languages contain sounds that are difficult to pronounce for non-native speakers. However, many of these sounds can actually be found in a speaker's native tongue in obscure places. SpeakEZ uses these words to generate phrases in a foreign language in yor own voice.",SpeakEZ,"There are quite a few translation products on the market and although this narrows down into syllables, it may not have enough product-market fit to scale.","I just couldn't figure out what exactly you did, or what technologies were used, in a space that has a lot of entrants (e.g. Skype now does translations on the fly).",Foreign languages in your own voice
Angelhack-SiliconValley,7, Java Android SparkPost Cluster point,Java,FALSE,TRUE,FALSE,FALSE,FALSE,FALSE,Android,Cars,15,Detailed analytics with multiple parameters for your automobile,AutoLytics,,Is the improvement that it's voice controlled? Because BMW already has this feature on the dashboard.,Analytics for your Automobile
Angelhack-SiliconValley,7, No stack info.,Other,FALSE,FALSE,FALSE,FALSE,FALSE,FALSE,NA,Consumer,11,This mobile application allows visually impaired users to scan through real world text-based articles for an audio summarization of its content,Between the lines,Very much needed product! too bad you guys didn't have enough time to present the whole potential! Good luck,"Would have been good to spend more time on the demo. Great app, with fantastic value proposition for the visually impaired. Needed to spend more time on the business model.",Fast reading for visually impaired people
Angelhack-SiliconValley,7, PHP MySQL javascirpt Frontend - HTML/CSS/Bootstrap,Java,FALSE,TRUE,FALSE,FALSE,TRUE,FALSE,Web App,Consumer,12,"Is your Facebook feed cluttered with ads? Are those ads driving you crazy? Have no fear! Meow Blocker is here! We remove all of your Facebook ads and replace them with fun and cute cat gifs and photos! Never look at an annoying facebook ad again, with Meow blocker!",Meow Blocker,Project completed!,https://chrome.google.com/webstore/detail/meow-blocker-pro/kdlkombhlmkeckighifillnhllnhplkj,Because Catz!
Angelhack-SiliconValley,7, Foursquare SINCH iOS SparkPost HP Idol-on-demand Cluster point yelp,C#,FALSE,FALSE,TRUE,FALSE,FALSE,FALSE,IOS,E-commerce,14,"You *love* food, and so there are tons of apps to find restaurants and reserve tables, but there's no app to find that one dish *you* crave. If you do decide on something, you have to wait for a table and order, which can take an hour. Introducing SnapQue, the app that allows you to search restaurant menus for the dish of your dreams, reserve a table, order food, and then after confirming the notification that your table and food is ready, you walk in, enjoy, and walk out.",SnapQue,Good luck! I liked your execution a lot.,Love the app concept. Nice touch with the queue for popular restaurants. Good positioning against Yelp.,Cravings Discoverer; Restaurant Booking & Ordering
Angelhack-SiliconValley,7, No stack info.,Other,FALSE,FALSE,FALSE,FALSE,FALSE,FALSE,NA,Consumer,3,Cross-cultural communication; English Teaching; Chinese teaching; open real-time chat platform.,Code Pengyou,,,Translation/Real-time Communication
Angelhack-SiliconValley,7, Game Maker Language Ruby Frontend - HTML/CSS/Bootstrap,Ruby,TRUE,FALSE,FALSE,FALSE,FALSE,FALSE,Web App,Social Media,15,"The public's appetite for a proper platformer is insatiable -- and in a world of social gaming, the only way to keep the public's attention is to have a game that can never truly be ""solved!"" Wintermute's evolutionarily-generated levels can be generated and shared among players, taking what is ordinarily a solo activity and challenging your friends to get in on the fun, replaying the same level you just died on!",Wintermute,Cool game!,Cool game! Good luck! I liked your execution a lot,Social Sci-fi Roguelike Platformer Game
Angelhack-SiliconValley,7, Swift IBT BlueMix,Other,FALSE,FALSE,FALSE,FALSE,FALSE,FALSE,IOS,E-commerce,22,"Using MapKit + IBM BlueMix, the team created an IOS app w/ Swift that allowed bikers to discover the nearest bike racks, as well as nearby trails. Drop pins to track where you left your bike.",Cycle,Great app. Business model missing.,super cool. Nothing crazy technical and not a start up. Just a great and useful hackathon project,Discover bike racks and trails nearby.
Angelhack-SiliconValley,7, Cluster point,Other,FALSE,FALSE,FALSE,FALSE,FALSE,FALSE,Web App,Consumer,9,Some random stuff,Random App,,this is well done and well thought out. To actually just have something to demo with an ambitious concept video game is amazing.,HP Sentiment API
Angelhack-SiliconValley,7, HavenAPI,Other,FALSE,FALSE,FALSE,FALSE,FALSE,FALSE,Web App,Consumer,5,"idolOne help users to pickup idoleOne from video,voice,news,email/message...automatically and sentimentally smart,then publish into multimedia device or 3D-printer with ads.",idolOne,,,"pickup idoleOne from video,voice,news,email/messenge..."
Angelhack-SiliconValley,7, Python node.js HTML5 Express.js jQuery Amazon EC2 CSS (SASS and LESS) Bootstrap Amazon Lambda Amazon S3 chart.js heatmap.js,Javascript,FALSE,FALSE,FALSE,TRUE,FALSE,TRUE,Web App,Consumer,25,What is the general sentiment on a particular topic in real-time? We developed a proof of concept application that shows the general public sentiment towards some presidential candidates from Twitter. We are able to do this real-time at a cost effective rate.,TwoCense,Good luck! I liked your execution a lot. There's a lot of potential in your future product.,"i actually like the demo. The problem is being solved be many, many firms, but I love that you built this in a weekend. That's what hackathons are about!",The internet provides its two cents.
Angelhack-SiliconValley,7, SINCH SparkPost Respoke API mean stack iOS App,C#,FALSE,FALSE,FALSE,FALSE,FALSE,FALSE,IOS,E-commerce,35,SwiftSell person to person e-commerce platform focused on increasing safety and security for buyers and sellers using real time communication. Sellers will be able to publish products being sold directly to Facebook groups and Craigslist from the app. We provide a higher level of security and safety for our buyers using real time video chat provided by the Respoke API. Using real time video to verify what you are purchasing increases security while lowering the probability of fraud. No longer will buyers be skeptical of meeting someone in a public place not knowing if what they are purchasing is functional and as advertised. Link: http://swiftsell.herokuapp.com/,SwiftSell,Sounds like a safer version of Craigslist with users going to a Police Station to collect items.,"seems like a gap in the market. As a regular Airbnb host, I like this style of communication. This has a wide potential application.",A P2P e-commerce platform focused on increasing safety & security
Angelhack-SiliconValley,7, nodejs HP Idol-ondemand Bootsrap HP Sprout,Javascript,FALSE,FALSE,FALSE,FALSE,FALSE,TRUE,Web App,Medical,13,RheumaLab provides a comprehensive platform for monitoring rheumatoid arthritis patients,RheumaLab,Good luck! I liked your execution a lot.,Lots of potential for home monitoring of a major condition.,Sprout Imaging for Precision Medicine
Angelhack-SiliconValley,7, D3.js Python Flask Bootstrap SCSS,Javascript,FALSE,FALSE,FALSE,TRUE,FALSE,TRUE,Web App,Consumer,17,Our goal is to decrease the number of noncommunicable diseases by providing an application that helps consumers track back the food they are about to purchase. github.com-,Appollo,"Missing demo with no working app shown, Would have been nice to see the app actually working, rather than being told what we are supposed to see.",Good luck! the product is very much needed!,Food transparency application
Angelhack-SiliconValley,7, No stack info.,Other,FALSE,FALSE,FALSE,FALSE,FALSE,FALSE,NA,Medical,21,Bridging the gap between inventory and patient needs.,M3DICAL,,,3D Solution for Hospitals
Angelhack-SiliconValley,7, node.js Express.js facebook api Chrome extensions Cluster point linode hosting,Javascript,FALSE,FALSE,FALSE,FALSE,FALSE,TRUE,Web App,Social Media,16,"Integrated Social Browsing - browse with your friends, expand ""trust boundaries"" when visiting new sites. Item[product, article, place] specific feedback to consumers Provide Feedback to business analysts with additional site rating,",Commenty,Would love to know a bit more how it will promote it.,Simple design. Path to revenue might be tough to raise awareness and gain traction.,Social Browsing with Page Rating and Comments and more
Money2020,10, Bitcoin IBM Bluemix NodeJS Ethereum,Javascript,FALSE,FALSE,FALSE,FALSE,FALSE,TRUE,Web App,Finance,16,"By using the power of a Digital Autonomous Corporation with the ethereum and bitcoin blockchains, we've been able to bring P2P lending into the modern era. Incredibly secure, much reduced fees, and no ""minimum investment"" barriers to entry. With this, we're hoping to bring P2P lending to everyone's doorstep. With minimum investments of a dollar or less, this can expand the market for P2P lenders to almost anyone. Try trading stocks with a one dollar! Built on the IBM Bluemix platform with Cloud Foundry, and powered by the decentralized bitcoin and ethereum networks.",Femto Finance,,,The Next Evolution of P2P Lending
Money2020,10, MongoDB Javascript Meteor Ethereum,Javascript,FALSE,FALSE,FALSE,FALSE,FALSE,TRUE,Web App,Consumer,6,$48 billion in Reward and Mileage points are accumulated in the U.S. alone. Of this $16 billion goes unused. EtherRewards aims at targeting this market so users can make use of these points to trade for other tokens or commodities. Companies can create their own tokens and contracts onto the ethereum blockchain and have users use them with no restriction and in a complete decentralized manner. Note - This project is in early private alpha stage.,EtherRewards,,,Decentralized Reward Points on Ethereum
Money2020,10, No stack info.,Other,FALSE,FALSE,FALSE,FALSE,FALSE,FALSE,NA,Finance,26,"If you're in a spot when you need cash and don't want to search around for an ATM just to pay gross ATM fees, use FlashCash to have your cash delivered to your location right as you need it. iOS: http://github.com/flashcash Android version: https://github.com/madhavc/FlashCash-Android Web API: https://github.com/mujtaba3B/flash_cash",Flash Cash,,"submitted at 10:30, took over an hour to upload to github on our terribly slow hotel internet connection, so timestamp may be just past 11 am.","Request cash anytime, anywhere."
Money2020,10, Ruby Ruby on Rails CSS MySQL fitbit api Javascript HTML5 Java Meteor Vantiv Fitbit,Ruby,TRUE,FALSE,FALSE,FALSE,FALSE,TRUE,Web App,Medical,24,"We used FitBitÉ??s and VantivÉ??s technologies to further engage participants, increase participation rates, donations, and transaction numbers; thereby creating value for all stakeholdersÉ??participants, the NYC Marathon, charitable organizations, FitBit, and Vantiv.",FitPay,,,Engaging athletes through FinTech and FitBit
Money2020,10, jQuery Apache Bootstrap IBM Bluemix Javascript GNU/Linux Ethereum JSON PHP,Javascript,FALSE,FALSE,FALSE,FALSE,TRUE,TRUE,Web App,Consumer,15,"Almost everyone has plans for their money -- if they have more money than they expect at the end of the month, they might make an extra student loan payment, or maybe add some money to their investment accounts. There's no way to do that in conventional financial applications, so we created one.",ThenPayIt,,,Workflows for your money
Money2020,10, CSS3 iBeacon iOS HTML5 Java worldpay,Java,FALSE,TRUE,FALSE,FALSE,FALSE,FALSE,IOS,E-commerce,40,,XoomThru,,You guys did us proud! I'd love to give some exposure to your work to the rest of the company execs. I'm working to set that up now.,Seamless and Insightful payment solution for Drive thrus
Money2020,10, Ruby Ruby on Rails Blockchain xCode iOS Bitcoin Objective-C Blockchain API,Ruby,TRUE,FALSE,FALSE,FALSE,FALSE,FALSE,IOS,Finance,26,"No card, cash or phone on you? No problem. You can pay with your finger thanks to a fingerprint sensor on the merchant's POS device. Top up your finger with bitcoin at any location that accepts Nix",Nix,,,Pay bitcoin with your finger
Money2020,10, CodeIgniter jQuery Modo API AWS Elastic Beanstalk,Other,FALSE,FALSE,FALSE,FALSE,FALSE,FALSE,Web App,E-commerce,11,"We have created a É??play to payÉ?ù app that gamifies the payment experience. In true Vegas fashion, we encourage users to play roulette for the chance to win free meals or merchandise.",High Steaks,,,payments roulette
Money2020,10, Android JavaScript VisaCheckout,Javascript,FALSE,FALSE,FALSE,FALSE,FALSE,TRUE,Android,Finance,5,Go enabled merchants let their customers checkout where they choose. Send the checkout to your phone or friends using an ultrasonic tone or numeric code.,Go,,,Checkout where you choose
Money2020,10, Firebase iOS App Javascript NodeJS,Javascript,FALSE,FALSE,FALSE,FALSE,FALSE,TRUE,IOS,Social Media,17,"User will post there opinion question, to which answer is either Yes or No. Other user will bid on the opnion within 24hrs window, upon completion of 24 hrs wining answer will get credit of their bid which 0.0035 bitcoins plus the redistribution of losing answer. we charge 2% for everybid placed.",gambit,,,Social gambling with bitcoins
Money2020,10, Windows Mobile Twilio API Parse iOS Android Blockchain API,Other,FALSE,FALSE,FALSE,FALSE,FALSE,FALSE,Android,Finance,8,"Buy bitcoins with carrier billing, pay users by phone and manage your wallet using text messages.",BitZen,,,Aquire and use Bitcoin with Text Messages
Money2020,10, Firebase Ionic Framework Express.js Modo API ModoAPI,Javascript,FALSE,FALSE,FALSE,FALSE,FALSE,TRUE,Web App,Finance,6,"Request shoppers nearby to pick up items for me in exchange for a small fee. Shoppers will be able to see available shopping bags in store, purchase with gift card and deliver to requested user.",Do Me a Solid,,,Crowd Fulfillment Transactions Platform
Money2020,10, PayPal Parse Swift iOS cocoapods,C#,FALSE,FALSE,FALSE,FALSE,FALSE,FALSE,IOS,Consumer,12,An iOS app that crowdsources your shopping experience with buyers and sellers you can trust.,SalePool,,,Your neighborhood is your shopping mall
Money2020,10, nodejs worldpay,Javascript,FALSE,FALSE,FALSE,FALSE,FALSE,TRUE,Web App,Finance,12,"Servd is a responsive web application that manages the interactions between the customer and waiter to simplify communication and payment using the WorldPay API. The application has two separate views, one for the waiter and one for the customer. Using the application, restaurant waiters can manage lines, assign customers to table, and view alerts such as a customer requesting help or a customer payment. Customers on the other hand can use the application to send a request if they need help, pay for the meal, and rate their server. Ultimately, the restaurant business is a service focused, industry where customer-employee interaction is key to satisfying both parties, and this interaction is what we are improving.",Servd,,,Seamless and Secure Restaurant Transactions
Money2020,10, JavaScript GitHub API Blockchain API,Javascript,FALSE,FALSE,FALSE,FALSE,FALSE,TRUE,Web App,Social Media,14,"We leverage the Blockchain.info API to allow online communities to create bounty ""pools"" to be awarded for specific tasks, such as completing GitHub issues for open source projects.",BountyBit,"I am unable to join via the site, but I am the chris.clayman on this team :)","I am Niall.OKane, I am having difficulty joining this team with this account",Blockchain based community-driven bounties.
Money2020,10, node.js PayPal api Android javascript,Javascript,FALSE,FALSE,FALSE,FALSE,FALSE,TRUE,Android,Consumer,15,"Problem: Difficulty faced by visuially impaired people to make debit transactions at POS without saying out the card PIN to the cashier as the POS systems provide no accessibility to them. None of the current cash transaction apps provide accessiblilty to the visually impaired population. Inspite of niche products such as Apple pay, android pay, touch ID there is still a huge gap when it comes to reality. Not many people could afford smartphones with touchID sensors Aim: Provide a user friendly, hassle-free & secure way of carrying out debit transactions at POS. Enable the visually impaired population to enjoy to advantages of the mobile payment or digital wallet services. Solution A minimalistic mobile app that seamlessly provides the functionality of a digital wallet to the visually impaired. An intuitive app that uses voice commands and braille pattern (on the phone covers) on the phone screen as the input. Providing a system that maintains a wallet for the merchant and the user. Each user would be identified via a cellphone number.",VieasyPay,,,Accessible mobile wallet to the visually challenged
Money2020,10, Raspberry Pi Python Vantiv Java,Python,FALSE,TRUE,FALSE,TRUE,FALSE,FALSE,Web App,Finance,13,"PayPi is a digital transaction system for Raspberry Pi that aims to simplify and reduce operating costs for small businesses, as well as providing data for advertisements and analytics.",PayPi,,Back-End Developer,Digital Transaction System for Raspberry Pi
Money2020,10, Ionic Framework Hybrid Mobile App,Javascript,FALSE,FALSE,FALSE,FALSE,FALSE,FALSE,Web App,Consumer,9,A mobile app that help people without cars do grocery shopping efficiently and easily.,BringMe,,,Grocery shopping without cars
Money2020,10, Meteor.js MongoDB Javascript,Javascript,FALSE,FALSE,FALSE,FALSE,FALSE,TRUE,Web App,E-commerce,11,"Wander is an app where sellers can set up shop anywhere and be discovered by buyers who are nearby. A seller can prepare a virtual shop, go to a location and activate his shop so it is discoverable. Buyers can look around to see what virtual shops are available nearby, buy from the shop and collect their item from the seller who is just a few blocks away.",Wander,,,Location-based Shopping Discovery App
Money2020,10, Parse,Other,FALSE,FALSE,FALSE,FALSE,FALSE,FALSE,Web App,Consumer,6,"A radically minimalist approach to offering work to digital creatives, especially those in previously inaccessible regions of the world, with immediate feedback and cryptographically secure payouts.",Monkey Business,,,Distributed Micro-contracts and IP Auctions
Money2020,10, Android Parse iOS App Javascript Node.js Java,Javascript,FALSE,FALSE,FALSE,FALSE,FALSE,TRUE,Android,Consumer,8,"Using your phone and bluetooth beacons, we are revolutionizing the way people pay for parking. No longer do you have to visit the machine or fiddle with loose change. PARKnGO automates parking fare payment.",PARKnGO,,Had fun working on this :).,Simply PARK and GO!
Money2020,10, Haskell Blockchain Blockchain API,Other,FALSE,FALSE,FALSE,FALSE,FALSE,FALSE,Web App,Finance,14,"By writing programs in JBTCT (Jafar Bitcoin Trader), the embedded domain specific language we developed for Bitcoin algorithmic trading, users can create their own algorithms, backtest them on historical data, and analyze their performance. Also Haskell Blockchain API extension. https://github.com/djeik/blockchain-conduit",Jafar,,,Bitcoin Algorithmic Trader and Backtester
Money2020,10, Heroku Ionic Framework Angular Python Flask Bitcoin Blockchain API,Python,FALSE,FALSE,FALSE,TRUE,FALSE,FALSE,Web App,Finance,55,"No more, no less - pay as you read on a per page basis. Explore, read, and pay from anywhere in the world from the comfort of your iPhone. Browse a variety of authors, genres, topics, and more É?? prices per page are totally customizable and set per book by each author. All payments are handled on a real-time, page-by-page basis, using cutting edge blockchain technology É?? simply fund your accountÉ??s bitcoin wallet and automatically pay as you read from anywhere on the globe.",Pagey,,,Pay for what you read
Money2020,10, Gimbal Node Bluetooth LE Blockchain iBeacon IBM WATSON Feedzai api Intel Edison yelp iOS App Javascript worldpay FirstData Clover POS Pivotal Cloud Foundry React Nativ Intel,Javascript,FALSE,FALSE,FALSE,FALSE,FALSE,TRUE,IOS,E-commerce,39,"Have you ever gone to a local shop or restaurant but did not know if your credit card or bitcoin transactions were secure. Omnitrust solves this problem by identifying merchants who are PCI compliant. What this means to the customer is that their information is protected and safeguarded from fraudulent activity. Just like Waze, it can tell you which merchant to avoid and lets you see who is compliant. But if you really want to go to that merchant and itÉ??s red, we recommend cash only. But if you can avoid it, please do so. Omnitrust does not want you to hit a roadblock because we will give you a lot more options. So donÉ??t worry. We are here to guide you to the right merchant. For the merchants who are in compliant, we will increase visibility, enhanced marketing to attract more customers and increase sales. Merchants can also know if a customer is a risk on the purchase in real-time. How do we do this? Omnitrust has a cloud platform, mobile app as well as ibeacon identifiers. We have implemented a proprietary authentication algorithm which incorporates multiple fraud and risk parameters to return highly effective information for the customers and merchants. Having a peace of mind for a seamless and secure purchasing experience is priceless.",OmniTrust,,You guys did an amazing job!,Waze for Payment
Money2020,10, PayPal Blockchain golang iOS AngularJS augmented reality NodeJS braintree Sphero,Javascript,FALSE,FALSE,FALSE,FALSE,FALSE,TRUE,IOS,Consumer,18,Distributed bookkeeping with Braintree as an uber payment system for settling debts. Complete with an augmented reality sphero match to blow your minds. demo - https://github.com/tonacy/bitar front-end // user apps - https://github.com/ml27299/hackathon systems / dev ops - https://github.com/j4ustin/gamblero,Bet2Chains,,,Distributed book keeping with Braintree
Money2020,10, Twilio API PayPal api bluemix Python,Python,FALSE,FALSE,FALSE,TRUE,FALSE,FALSE,Web App,Finance,13,"Homeless register with NonProfit/Mission/Pay station. Homeless/Recipient receives individual ""text purse"". Donor can text donation to individual homeless ""text purse"". Donor receives confirmation from PayPal Non Profit/ Shelter and thanks them for their donation to ""Jordan"". Donor can follow and /or participate with the Non profit and perhaps track the progress of ""Jordan"". Donate with Dignity is Text2Care donation through PayPal and allows a Donor to participate on whatever level they are comfortable with. Text by Text Donate with Dignity will allow you to participate in building a safer, kinder and compassionate community.",Donate with Dignity,,,Text a donation to homeless individual
Money2020,10, No stack info.,Other,FALSE,FALSE,FALSE,FALSE,FALSE,FALSE,NA,Consumer,33,"GiftHero is a digital gift card and loyalty platform, powered by Modo designed to make better gift-givers of us all. Want to get someone a gift, but don't know them very well? You know the list É?? your kids' teachers, the neighbour who's always so forthcoming with the suggestions on gardening, your 12 year old nephew you hardly ever see. Enter GiftHero. We give you personalized gift card suggestions for everyone in your network - based on that persons' actual purchasing behavior - where they shop, what they search for, and what they buy - both on and offline. Tell us who you're looking to give to - and get a top 5 suggested merchants list. Click and send that gift card instantly- and when you use your payment card, we'll give 5% cash back. Because heroes deserve gifts too.",GiftHero,,Slammin!,Gift smarter.
Money2020,10, Clover FirstData,Other,FALSE,FALSE,FALSE,FALSE,FALSE,FALSE,Web App,Consumer,10,"Using the Clover POS system, Influx can tell you if your business of interest is crowded or not.",Influx,,,Optimizing you shopping experience.
Money2020,10, full-stack javascript,Javascript,FALSE,FALSE,FALSE,FALSE,FALSE,TRUE,Web App,Finance,9,"Pocket Invoice helps you create professional invoices in seconds, and uses a line of credit to cover pending invoices while you wait for your clients to pay, helping to solve cash-flow issues and get cash in your pocket. Fast! We used the MasterCard MATCH API to validate the registration data of users to help prevent fraudulent signups. Also, we integrated the FeedZai API into our payment processing, to help prevent fraudulent invoice payments. We then integrated the Visa API to allow our end-users to pay their invoices with just a couple of clicks from email.",Pocket Invoice,,,Turn your invoices into cash. Fast!
Money2020,10, Python CSS Web2py Javascript HTML,Javascript,FALSE,FALSE,FALSE,TRUE,FALSE,TRUE,Web App,Finance,9,"Tired of waiting in line at the supermarket? Check it out. For the consumers: Use our mobile platform to scan your items as you shop, checking out items and making your payments right at your fingertips. Save time, money, and headache at every visit to your favorite stores. For merchants: Analytics you've never even imagined. We track various metrics of each of the consumers that can help you make even more sales. You'll have information such as demographics of your user, what they're buying, how often they are buying it, and how long they're spending on average at your store. In addition, you'll know what items consumers add to their shopping cart and change their mind--you'll have the opportunity to deliver a coupon during their shopping experience to change their mind. Save time. Save money. Get real analytics. CheckItOut.",CheckItOut,,,"Checkout your purchases on the go, just Check It Out."
Money2020,10, Ruby on Rails IBM Bluemix Blockchain Wallets Blockchain API,Ruby,TRUE,FALSE,FALSE,FALSE,FALSE,FALSE,Web App,Finance,15,"Using Bitcoin and the Bitcoin blockchain to run a lottery. Participants can be anonymous, identified only by their Bitcoin address. All data stored in the blockchain.",Palazzo,,,Lottery Platform on Bitcoin Blockchain
Money2020,10, Angular.js Azure MVC materialize C# SQL Server,Javascript,FALSE,FALSE,TRUE,FALSE,FALSE,TRUE,IOS,Consumer,17,Platform to forecast expected credit card receipts based on multi factor algorithm. Two day revolving loans.,nanofunds,,,ultra short revolving loans. simple.
Money2020,10, Swift iOS App Objective-C,C#,FALSE,FALSE,FALSE,FALSE,FALSE,FALSE,IOS,Consumer,24,We are a group trying to use the power of social engineering to support organizations and foundations.,Spark,,,Crowdfunding for a Cause
Money2020,10, Parse iOS App Basic PHP MasterCard APIs worldpay,PHP,FALSE,FALSE,FALSE,FALSE,TRUE,FALSE,IOS,Consumer,30,"Love food trucks and farmers markets but hate the lines? - Get stalls around you by location - Order and pay through your phone - Pickup your order when itÉ??s ready - Get rewarded for loyalty - Never wait in lines Disrupting an 8 billion dollar food truck and farmers market industry that is currently working on cash payments by making it easy to use, quick and hassle free and mobile payments based.",Qless,Oh this is so cool!,Hey guys - I heard about your very cool app and would love to learn more. Would you be interested in setting up a demo for me and some other Worldpay execs in the near future?,Refining Your Experience at Local Vendors
Money2020,10, Android Bluetooth Low Energy Modules Feedzai api Multitool Hot Water custom hardware,Other,FALSE,FALSE,FALSE,FALSE,FALSE,FALSE,Android,Consumer,26,"Someone steals your wallet. No problem--your phone alerts you within 10 seconds because of our tiny (6mm x 6mm) custom-hacked $2 receiver placed in the wallet. Swipe right to go into lockdown mode: (1) Immediately blacklist your stolen cards for participating merchants using the Feedzai API. (2) Alert merchants on Feedzai if a swiped or typed card is stolen, saving them the costs of both online and offline credit card fraud ($3.5 billion in 2013!). (3) Deactivate the stolen cards by traversing the automated call list using Twilio. The leading wallet-protection device, Tile, uses a device 40x bigger and 12x more expensive than ours. Tile can be easily removed by a thief, it doesn't protect your cards, and doesn't protect merchants. To make the Locket receiver, we hacked an electronic tag with hot coffee (to melt the glue) and the Braintree swag (to crack the case and pry the sucker out). It is based on the CC2540 Bluetooth low energy System-on-Chip. It uses minimal battery and is compatible with major Apple and Android devices. #LocketAndChill #MakeAmericaSafeAgain",Locket,,,We solved credit card theft and fraud with $2
Money2020,10, C# golang full-stack javascript Python,Javascript,FALSE,FALSE,TRUE,TRUE,FALSE,TRUE,IOS,Security,8,"We protect credit cards and customer accounts with 3D biometric, voice, and motion authentication. Using Natural Language understanding and 3D technology, we also provide a highly individualized shopping experience for everyone.",For Your Eyes Only,,,3D Biometric authentication and your own personal shopper
Money2020,10, Ruby on Rails Bootstrap Javascript Blockchain Wallets Blockchain API,Ruby,TRUE,FALSE,FALSE,FALSE,FALSE,TRUE,Web App,Game,21,"Chain Cards is on a mission to accelerate BTC adoption, with a focus on the Millenial and Gen Z groups. We seek to augment BTC adoption by creating Blockchain-backed digital assets that users will cherish and interact with on a daily basis. In addition to creating original assets, Chain Cards is a publishing house for other entities that wish to sell or crowdsource digital goods using the Blockchain as a record of ownership. Tournameme is demonstration of Chain Cards at play. It's a simple, hilarious social game played with virtual cards that have user ownership coded into the Blockchain. Users choose packs of champion cards (like Cat Memes) to enter into tournaments. Tournaments consist of tongue in cheek challenges such as ""Who would win in a duel where both parties are wielding swordfish?"" The whole Tournameme community may vote for the participating champion that most deserves this ridiculous accolade. Winners and losers alike will get satisfaction in seeing the silly champion match-ups and challenges.",Tournameme by Chain Cards,,Project at tournameme.com.,Silly Blockchain card game
Money2020,10, Java First Data Payeezy,Java,FALSE,TRUE,FALSE,FALSE,FALSE,FALSE,Web App,Finance,17,An app that helps the users have a quick and simple checkout process in retail stores using the mobile app. The app scans barcodes and allows the customer to quickly pay for the items they want without waiting in line.,EzPzy,,,Smooth retail checkout transition app
Money2020,10, Firebase Swift NumPy scikit-learn Machine Learning iBeacon D3.js iOS AngularJS Javascript Python worldpay,Javascript,FALSE,FALSE,FALSE,TRUE,FALSE,TRUE,IOS,Analytics,25,Beacons + Wearables + Demographics = Increased Sales,BAE (Business Analytics and Emotions),Node.JS,Hey guys - love what y'all came up with. Any interest in giving a demo of your idea to some of us at Worldpay corporate?,Consumer Emotional Data Analytics
Money2020,10, Parse Node Sketch ModoAPI full-stack javascript Webflow,Javascript,FALSE,FALSE,FALSE,FALSE,FALSE,TRUE,Web App,E-commerce,34,"Switch is a peer-to-peer gift card marketplace built right into your browser. Pop open the Switch Chrome extension right before checking out, click ""apply,"" and let Switch handle the rest É?? it'll buy discounted gift cards on your behalf and apply them right to your cart. You pay Switch's discounted price, merchants can offer deals subsidized by other customers, and gift card holders get to liquidate their unused gift cards.",Switch,,,Discounts to your favorite sites. On demand.
Money2020,10, No stack info.,Other,FALSE,FALSE,FALSE,FALSE,FALSE,FALSE,NA,Finance,20,,handshake,,,the coolest paying method ever!
Money2020,10, Python Meteor.js Modo API,Javascript,FALSE,FALSE,FALSE,TRUE,FALSE,TRUE,Web App,Finance,17,"Imagine shopping in-store in the year 2020. No need to carry items in a physical shopping cart, no need to carry a physical wallet. PayWise is a mobile app that brings the future of the in-store shopping experience to you. We create an end-to-end payment experience using the optimized payment methods based on the goals you have and rules you set. The goals can be anything from improving your credit score, maximizing cash flow, avoiding overdrafts, to maximizing credit rewards. Or you could also create your own IFTTT rules that automatically define how you transact. All you need to do is to link your financial accounts, create rules, and scan the items you want to buy. PayWise recommends the optimal way for you to pay across your different sources, using a combination of payment sources. Without hassle, you simply get the app-generated barcode scanned by the cashier. Boom, you're done. PayWise. We optimize the way you pay based on the rules you set.",PayWise,,,"Optimize the way you pay, with automated IFTTT rules"
Money2020,10, PayPal IBM Fitbit,Other,FALSE,FALSE,FALSE,FALSE,FALSE,FALSE,Web App,IOT,21,"By using machine learning from IoT devices, we automate the allowance process for chores between parents and children.",PoMo,,,automated allowance with IoT
Angelhack-BA,7, PHP Android PhoneGap Ionic Framework facebook api AngularJS Amazon S3 Clusterpoint database,PHP,FALSE,FALSE,FALSE,FALSE,TRUE,FALSE,Android,Consumer,42,An app where your friends can leave you secret video messages that you can watch exactly when you need some love https://github.com/atiko7-tomas/happyme.git,Happyme,,,Improving happiness
Angelhack-BA,7, JavaScript PhoneGap Angular.js Node Ionic Framework,Javascript,FALSE,FALSE,FALSE,FALSE,FALSE,TRUE,Web App,Consumer,36,Chat with nearby people and in five messages match somebody,Now or Never,,,"Five messages, 3 minutes, 1 objective: meet someone."
Angelhack-BA,7, Java JavaScript Objective-C PHP MongoDB Laravel HTML5 Apache Cordova nodejs,Javascript,FALSE,FALSE,FALSE,FALSE,TRUE,TRUE,Web App,Consumer,36,"Helppl es una aplicaci??n mobile que se basa en dar y recibir ayuda de gente cercana, sin necesariamente obtener algo a cambio.",Helppl,,Al??,Helppl allows you to help nearby people
Angelhack-Manila,8, C#.NET AngularJS Clusterpoint database,C#,FALSE,FALSE,TRUE,FALSE,FALSE,FALSE,IOS,Consumer,24,"The project is more a proof of concept. Sometimes it is hard to find washrooms because one is unfamiliar with the layout of the buildings as well as where one is allowed to enter. The point of the app is to provide and easily-updated source of on-the-spot information. The locations being pointed out could just as easily be emergency rooms that aren't overwhelmed with patients, clinics with specialty care that aren't well-publicised, and so on.",3PL Public Pee Place Locator,,You can check out the code here: https://github.com/DemoKite044/AngelHackTeamRepo,Find the nearest comfort room anywhere
Angelhack-Manila,8, Laravel Intel Galileo Gen 2 Arduino,PHP,FALSE,FALSE,FALSE,FALSE,FALSE,FALSE,Hardware,Analytics,31,,RetailOne,,,Realtime store analytics platform solutions
Angelhack-Manila,8, JavaScript Python CSS HTML5 Chikka API Raspberry Pi AngularJS Javascript Python Raspberry Pi HTML5 CSS Bootstrap Chikka,Javascript,FALSE,FALSE,FALSE,TRUE,FALSE,TRUE,Web App,Consumer,44,OneWatt is mobile application that controls the use of a companyÉ??s electricity by switching the power source to a battery/stored electricity during MeralcoÉ??s peak hours and putting it back to the grid during off peak hours while charging the battery again for the peak hour consumption.,OneWatt,,,Manages and Monitors Electricity Consumption
Angelhack-Manila,8, No stack info.,Other,FALSE,FALSE,FALSE,FALSE,FALSE,FALSE,NA,Social Media,26,,PhotoChop,,,A Small Photo Community
Angelhack-Manila,8, No stack info.,Other,FALSE,FALSE,FALSE,FALSE,FALSE,FALSE,NA,Game,31,Yugto is game about Philippine mythology and travel. It is focused mainly on Filipino dieties and travel locations.,Yugto,https://youtu.be/gosUXhnclGY,https://github.com/gilnicx/yugtoAngelHackMnl2015/tree/master,Yugto is game about Philippine mythology and travel.
Angelhack-Manila,8, JavaScript Android node.js Amazon AWS Arduino Development microservices Cluster point WARP (PHP),Javascript,FALSE,FALSE,FALSE,FALSE,TRUE,TRUE,Android,Medical,73,"Do you find it such a pain to maintain your nutritional health? If you do, then say goodbye to planning health drinks, thinking about food constraints and tediously looking for ingredients. JuiceBox is a smart machine that automatically dispenses your daily drinks without you having to think and analyze your diet. It uses your personalized health profile to produce the best drinks suited to your needs. What's more is that you can monitor everything on your phone. With JuiceBox, maintaining your nutritional health becomes easy and exciting.",JuiceBox,,,Intelligently transforming public health one drink at a time
Angelhack-Manila,8, No stack info.,Other,FALSE,FALSE,FALSE,FALSE,FALSE,FALSE,NA,Consumer,28,,Files,,,Document Syncing anywhere on the planet
Angelhack-Manila,8, Android Parse YouTube,Java,FALSE,FALSE,FALSE,FALSE,FALSE,FALSE,Android,Consumer,28,A platform where you can validate your ideas.,Project Pie,,,Vine for Pitches
Angelhack-Manila,8, threejs,Other,FALSE,FALSE,FALSE,FALSE,FALSE,FALSE,Web App,Consumer,34,Real estate listings website that features 360 degree images (Photospheres) displayed in VR using google cardboard.,360properties.ph,,Changing name to 360realty.ph,Real estate listings website that features 360 degree images (Photospheres) displayed in VR using google cardboard.
Angelhack-Manila,8, Spring Framework Android Amazon AWS REST Hibernate Core java,Java,FALSE,TRUE,FALSE,FALSE,FALSE,FALSE,Android,Consumer,32,"June is a SMS queue management system that makes the life of customers easier by allowing them to physically leave the queue for convenience and automatically summoning them through text message just in time for their turn, business owners able to gain competitive marketing advantage through the contact numbers collected by the system and a meaningful insights using the transaction data gathered from customers, for operation; business becomes more efficient as June improves customer satisfaction and lesser hassle for employees as it minimise common queuing problem (e.g. lost number, etc) compared to the traditional numbering system.",June Queue Management Platform,,,Queueing made convinient
Angelhack-Manila,8, No stack info.,Other,FALSE,FALSE,FALSE,FALSE,FALSE,FALSE,NA,Consumer,38,,Genie,,We gonna blow dem backs ooout,the ultimate wishlist
Angelhack-AbuDhabi,9, Python iOS Microsoft Excel SQL Lite,Python,FALSE,FALSE,FALSE,TRUE,FALSE,FALSE,IOS,Social Media,22,Ecosystem for different stages of startups to collaborate and bid for investment from angel investors/venture capitalists. Dropbox:https://www.dropbox.com/s/kbvxbod89pnlz3u/StartHub.pdf?dl=0,StartHub,,,Platform to connect startups and venture capitalists.
Angelhack-AbuDhabi,9, HTML5 CSS3 Javascript,Javascript,FALSE,FALSE,FALSE,FALSE,FALSE,TRUE,Web App,Analytics,25,A big analysis open source application that does sentimental analysis demonstrated based on demo-graphical locations and humans activities.,NorsX,,,An Open Source Analytics Visualization Framework
Angelhack-AbuDhabi,9, IBM Bluemix fusetool,Other,FALSE,FALSE,FALSE,FALSE,FALSE,FALSE,Web App,Consumer,25,"I am designing the birthday experience for mobile, so when the user opens my app he can record a funny video for their friends, and split the gift cost with friends.",PROJECT B,,,Make everyone happy on her/his birthday
Angelhack-AbuDhabi,9, No stack info.,Other,FALSE,FALSE,FALSE,FALSE,FALSE,FALSE,NA,Security,14,"Have you ever found yourself in a vulnerable position and/or alone? With Pocket Buddy, this basic emergency application is designed to alert your close ones about your current situation for faster response time and prevention.",Pocket Buddy 2,,,Real time security location alert system
Angelhack-AbuDhabi,9, No stack info.,Other,FALSE,FALSE,FALSE,FALSE,FALSE,FALSE,NA,Social Media,23,"A mobile application that target university students. It allow students to find and share study groups (locations) , materials (notes, slides, assignments etc..), and tutorials of their own.",StudentHub,,,Share and Find what matters to you as a student
Angelhack-AbuDhabi,9, Swift,C#,FALSE,FALSE,FALSE,FALSE,FALSE,FALSE,IOS,Security,18,"Amongst the two of us (12th graders), we've spent nearly US$ 7000 on career counselling and college admission guidance. We think that's a huge problem, as it creates a fundamental gap in accessibility of resources, something we personally believe is unjust and must be bridged. That's where we come in. UniConnection aims to bridge that gap by bypassing the third party; it connects high-schoolers directly to students of the institution they wish to gain admission to. Thus, it allows all high school students a cheap, highly effective alternative to expensive counselling programs many cannot afford straight from someone in a similar age group with first-hand experience, and it offers University students an alternative, convenient source of income. It also eliminates the middleman by enabling payment directly to and from the concerned parties. Even though fundamental tuition is accessible to almost all individuals, there are numerous other factors that promote a chasm of inequality in educational opportunities amongst students. UniConnection is the first step towards changing that.",UniConnection,,,Authentic Information for College-Bound Students
Angelhack-AbuDhabi,9, MIT APP INVENTOR,Other,FALSE,FALSE,FALSE,FALSE,FALSE,FALSE,Web App,Security,8,"Have you ever found yourself in a vulnerable position and/or alone? With Pocket Buddy, this basic emergency application is designed to alert your close ones about your current situation for faster response time and prevention.",Pocket Buddy,,,Real time security location alert system
Angelhack-AbuDhabi,9, KendoUI javascirpt HTML5 C#.NET Material Design,Java,FALSE,TRUE,TRUE,FALSE,FALSE,FALSE,IOS,Consumer,15,The Easiest Way To Translate your legal documents in the UAE,Tarjem,,The Easiest Way To Translate your legal documents in the UAE,Easiest Way To Translate your legal documents
Angelhack-AbuDhabi,9, IBM Bluemix PHP,PHP,FALSE,FALSE,FALSE,FALSE,TRUE,FALSE,Web App,Consumer,21,"We utilize data mining for a smart search of your contacts. Find who you are looking for, even without knowing the exact spelling of their name.",FlexName,,,Smart contact search
Angelhack-AbuDhabi,9, Adobe Photoshop MySQL PrimeFaces Android App Developer Python/Django,Python,FALSE,FALSE,FALSE,TRUE,FALSE,FALSE,Android,Consumer,20,"A lifetime application that helps you find your purpose in life. It guides you in reflecting and feeling comfortable about your purpose which, in turn, helps manifest your purpose and making it a reality.",e-purpose,,,Your Online Life Coach
Angelhack-AbuDhabi,9, No stack info.,Other,FALSE,FALSE,FALSE,FALSE,FALSE,FALSE,NA,Consumer,16,,HappyCats,,,Finding home for happy cats!
Angelhack-AbuDhabi,9, Github C#.NET,C#,FALSE,FALSE,TRUE,FALSE,FALSE,FALSE,IOS,Security,34,"SpyKiller comes packed with features! - Does not have a boring interface like AVG antivirus - Scans the registry - Can generate strong SHA password hashes - Can compare SHA hashes - Has a strong RSA file encryption system - Has a powerful scanner - Is very small in size 4~5MB - Can decrypt RSA security - Checks your startup folder for any threats - Has a 5-step strong cleaner - Is only $2! - You can use one License Key for a whole organization - SpyKiller can be made portable - SpyKiller has a Process Sniffer - SpyKiller provides you with tips to be safe - SpyKiller uses definition files and can be auto/manually updated - SpyKiller has a user-friendly UX - Supports 64-bit/32-bit cross platform processes - Supports Apple Mac & Linux - Easy to debug - A powerful security API - Not only for SpyWare, also for Creepers, worms, trojans and generic viruses - Doesn't give you annoying popups - Easy to use - Never installs Adware - Supports non-Intel processors - Raspberry Pi2 can run SpyKiller - SpyKiller can be run under Windows Preinstallation Environment - SpyKiller's API will work with VB.NET/C#/F# FUTURE WORK: - Making SpyKiller for Android aswell for iOS & Windows Phone - Open Source API & libraries - Better UX - A new way of using SpyKiller (UX change) - Different Layout - GPS System for lost devices - Remote scanner",SpyKiller,https://github.com/techspider/spykiller,If he is real!,SpyKiller is more than just a Spyware cleaner!
Angelhack-AbuDhabi,9, node.js Parse Google Maps API Instagram API twitter api IBM Bluemix,Javascript,FALSE,FALSE,FALSE,FALSE,FALSE,TRUE,Web App,Analytics,31,"GeoSurge helps businesses, government and emergency services detect and respond to atypical surges. It uses Instagram, Twitter and Eventbrite APIs to detect such anomalies in users' locations. This data is visualised using the Google Maps API. Our data is stored on Parse and our server runs on IBM Bluemix. Future improvements include harnessing the power of Machine Learning and Big Data analytics, as well as Facebook and Foursquare APIs, to make even more accurate predictions about users' geolocation data.",GeoSurge,,,Real-time location analytics
Angelhack-AbuDhabi,9, No stack info.,Other,FALSE,FALSE,FALSE,FALSE,FALSE,FALSE,NA,Professional Services,19,Our website allows customers to view major events happening around the city and discovering tweets that are being posted regarding to a particular event.,theHappenings,,Please be ready with 2 slides of the project and team intro. A logo would look good too.,Our projects help businesses to know the events happening around the city
Angelhack-AbuDhabi,9, RPG Maker VX Ace,Other,FALSE,FALSE,FALSE,FALSE,FALSE,FALSE,Web App,Game,12,"It is a computer game built using RPG Maker VX Ace, and its story is about the main character called ""Elpiodas"" who have fallen into despair and decided to suicide. The main purpose of the game is to give hope to people who are victims of despair, and to help them overcome their problems.",Elpidios means hope,,,"Mystery, adventure RPG game"
Angelhack-AbuDhabi,9, Angular.js CSS Javascript HTML,Javascript,FALSE,FALSE,FALSE,FALSE,FALSE,TRUE,Web App,Consumer,26,"Using a self-managed algorithm, users are able to create assessments that self-ranks the candidates and gives insights into their personalities and likelihood of 'fit' within the role/organization assessment was for. https://github.com/edgarzakaryan/quanda",Quanda,,"Domain knowledge support needed to polish the algorithm, more complex than the simplistic weighed question process",Dynamic Assessment Platform
Angelhack-AbuDhabi,9, Java MySQL gimp Bluemix mobiledata HTML5 CSS PHP,Java,FALSE,TRUE,FALSE,FALSE,TRUE,FALSE,Web App,Consumer,13,A muti-functional messangng app which lets the user to create their own social network. It can vary from a gaming community where you can create tournament events to a healthcare platform in which doctors can use it as a forum for discussing medical emergencies.,Cortiere,,,Open source group organizer
Angelhack-AbuDhabi,9, MySQL PHP with Blend of HTML and CSS,PHP,FALSE,FALSE,FALSE,FALSE,TRUE,FALSE,Web App,Consumer,50,"Webit is an online platform that generates websites through the content provided by the user in a linear workflow. Most content management systems are overly complicated and the end user has to spend hours trying to create a basic website for themselves. And if the creator wants to do something out of the ordinary they can forget it, because they would need a basic knowledge of programming. Our online platform, however, is very different. The user-ability is extraordinary. It's as easy as filling up a form. The creator is guided through steps, so they would know what to do at all times. So, if you have a small or medium business or if you want to create a personal website and don't want to spend much time or money, use Webit. Link for the presentation and screenshots : https://www.dropbox.com/sh/5mauu9f5otadad3/AABlj-FerAO1OQCaCpCfebQfa?dl=0",Webit,,Please be ready with 2 slides of the project and team intro,Webit is an easy to use website generator with a linear workflow.
Angelhack-AbuDhabi,9, No stack info.,Other,FALSE,FALSE,FALSE,FALSE,FALSE,FALSE,NA,Consumer,31,A place for people to share their ideas and have others comments or contribute to the idea to make it becomes real.,Inception,Please be ready with 2 slides of the project and team intro. A logo would look good too.,"Good idea, especially when restricted with language issues!",Idea repository
Angelhack-AbuDhabi,9, iOS SDK Parse Swift Objective-C,C#,FALSE,FALSE,FALSE,FALSE,FALSE,FALSE,IOS,Consumer,29,"CareemPlus inspired by Careem and built for Careem's services is an app made for the captains that contribute in making Careem the successful business that it is today. We aim to solve some of the challenges proposed by the folks at Careem. CareemPlus includes the following features: -Landmark Highlighting: (Solves/Improves: Passenger Routing ) This feature pinpoints the closest and most renowned landmarks around the passenger's pickup location. This not only makes it easier and more hassle free for our captains but our passengers too. -Captain Authorization: (Solves: Identity Theft, Improves: Safety) This feature makes use of biometric data (eg: Fingerprints) and allows our captains to verify their identity ensuring the safety of our vehicles, captains and most importantly our passengers. -An EventHub section: (Solves: Lack of passengers) This section displays all the important happenings of the city with a time, date and location. This feature enables our Captains to find a multitude of passengers especially since these events generate a lot of traffic. N.B: Another feature which is currently a work in progress (unable to complete due to time constraints) is a mass broadcasting dispatch system. We at CareemPlus plan on implementing this using Parse (Mobile Backend/DB) and Javascript Cloudcode. This feature would allow captains to warn other captains of traffic jams/accidents and which roads to avoid. This feature would also allow the folks at CareemPlus HeadQuarters to send important updates and messages to our captains synchronously",CareemPlus,Great stuff for the one day of coding! Careen should just hire them :),"Very strong ideas, good execution and initial design",Experience a revolution in transportation with hi-tech destination routing.
Angelhack-Iran,9, No stack info.,Other,FALSE,FALSE,FALSE,FALSE,FALSE,FALSE,NA,Consumer,16,"Design and making management system, identify and assess the damage to crops, pests, diseases and weeds",damage crops detection,,,damage crops detection
Angelhack-Iran,9, Parse Google Map API Android,Java,FALSE,FALSE,FALSE,FALSE,FALSE,FALSE,Android,Consumer,26,Chetoriberam is an android app which let users to suggest and get suggestions about route from predefined sources and destinations :) A simple solution for routing through Tehran's complicated public transportation system...,Chetoriberam,,,Crowd source routing solution
Angelhack-Iran,9, Parse Android,Java,FALSE,FALSE,FALSE,FALSE,FALSE,FALSE,Android,Consumer,18,,RemindMe,,,Remind Me my task in a fun way.
Angelhack-Iran,9, PhoneGap Apache Cordova SQLite3 core javascript,Javascript,FALSE,FALSE,FALSE,FALSE,FALSE,TRUE,Web App,Consumer,31,"A multi-platform application that users can add pins in map with a radius of reminding. When user is in that radius, the application will send them a notification to remind them.",RemindThere,,,Location based reminder
Angelhack-Iran,9, Android nodejs iOS Mysql,Javascript,FALSE,FALSE,FALSE,FALSE,FALSE,TRUE,Android,Consumer,10,An application that helps you to buy the best present for your friend,iKado,,,Smartest present recommender ever !
Angelhack-Iran,9, MATLAB ASP.NET MVC Framework Image Processing Bootsrap,Other,FALSE,FALSE,FALSE,FALSE,FALSE,FALSE,Web App,Consumer,12,"Organize your Closet, Choose what to wear today, We recommend you the best outfit",Hala Chi Bepoosham,,,WE CAN CHOOSE FOR YOU THE BEST!
Angelhack-Iran,9, ActionScript Adobe Photoshop javascirpt jQuery Adobe Flash Bootstrap PHP,Java,FALSE,TRUE,FALSE,FALSE,TRUE,FALSE,Web App,E-commerce,5,"In this project, it has been created a platform to order clothes that customers like them which can be ordered online to the desired tailor for sewing clothes",brandly,,,online order for sewing clothes
Angelhack-Iran,9, iOS SDK Laravel jQuery Bootstrap,C#,FALSE,FALSE,FALSE,FALSE,FALSE,FALSE,IOS,E-commerce,12,,Boqche,,,Buy from outside of iran
Angelhack-Iran,9, Laravel Cluster point Android voximplant,PHP,FALSE,FALSE,FALSE,FALSE,FALSE,FALSE,Android,Consumer,28,"With Bottel, you can tap on a map to choose the country you need some information about, and ask someone from there.",Bottel,,,Send messages in a bottle
Angelhack-Iran,9, SQLite3 Responsive Design User Experience Material Design Flat Design Android-Native Design Methodology,Other,FALSE,FALSE,FALSE,FALSE,FALSE,FALSE,Android,Game,24,"All people like to play games, challenge themselves, dare challengers and have happy time. All of this are in a shape of team works or simply individual. Enter in challenge or tournament and evaluate your knowledge and information in football. Gain Goals and Cups as a winner or lose it in a damn situation.",Legions,,,Game: Legion of Football Nerds
Angelhack-Iran,9, PHP javascirpt HTML CSS,PHP,FALSE,TRUE,FALSE,FALSE,TRUE,FALSE,Web App,Consumer,13,we try to make auction gate safe,Safe Auction System,,,try to make auction gate safe
Angelhack-Iran,9, CodeIgniter Basic PHP,PHP,FALSE,FALSE,FALSE,FALSE,TRUE,FALSE,Web App,Consumer,7,,Nonstop,,,Remove gateways time gap
Angelhack-Iran,9, Android Parse HTML5 CSS3 javascript,Javascript,FALSE,FALSE,FALSE,FALSE,FALSE,TRUE,Android,Consumer,23,,PushMeUp,,,A modern unified platform for Trainers and Gyms
Angelhack-Iran,9, No stack info.,Other,FALSE,FALSE,FALSE,FALSE,FALSE,FALSE,NA,Consumer,12,With EventEx you can know all news event notifications,EventEX,,,EventEX Event Manager
Angelhack-Cinci,7, No stack info.,Other,FALSE,FALSE,FALSE,FALSE,FALSE,FALSE,NA,Social Media,9,https://github.com/aidanwolf/sonder,Sonder (AngelHacks),,,We enable users to share audio anonymously in exact locations
Angelhack-Cinci,7, Java JavaScript Objective-C Spring Framework Android CSS Adobe Photoshop Heroku Frontend - HTML/CSS/Bootstrap Swift jQuery Sketch JSON Requests HTML xCode iOS Spring Boot Bootstrap Android studio Apple Watch Vim cocoapods RESTful,Javascript,FALSE,FALSE,FALSE,FALSE,FALSE,TRUE,Android,Security,20,Authum provides third-party authentication through push notifications. http://github.com/Hoodbluck,Authum,"NOTE: There's an issue while trying to link the fourth member of our team, her name is Nelida Velazquez: http://www.hackathon.io/nelida",Main GitHub Organization for project http://github.com/Hoodbluck,A More Personal Authentication Solution
Angelhack-Cinci,7, Laravel Slack,PHP,FALSE,FALSE,FALSE,FALSE,FALSE,FALSE,Web App,E-commerce,12,Our application simplifies the process of gathering lunch orders for large groups. https://github.com/searsaw/lunch,Lunch.run,,,Online order gathering for groups
Angelhack-Cinci,7, JavaScript Python CSS flask HTML,Javascript,FALSE,FALSE,FALSE,TRUE,FALSE,TRUE,Web App,Consumer,53,Atumsoft allows labs to remove stand alone computer stations for individual pieces of equipment by connecting them to wireless station transmitters. These transmitters join a central client to allow the user to monitor multiple stations from a single computer.,Atumsoft,,https://github.com/conyerbd/Atumsoft,Simplified laboratory computing
Angelhack-Cinci,7, node.js Amazon AWS Express.js handlebars,Javascript,FALSE,FALSE,FALSE,FALSE,FALSE,TRUE,Web App,E-commerce,11,https://github.com/crowelch/3d-plasticity,3D Plasticity,,,a Crowdsourced marketplace for locally printed 3D goods
Angelhack-Cinci,7, ASP.NET MVC Framework Android MS Sql Server google plus api,Java,FALSE,FALSE,FALSE,FALSE,FALSE,FALSE,Android,Consumer,13,web github: https://github.com/cbudo/quikgrubbix Android github: http://github.com/EasyGrub,QuikGrub,,,Food order Management Platform with B2B and B2C branches
Angelhack-Cinci,7, Ionic Framework mean stack,Javascript,FALSE,FALSE,FALSE,FALSE,FALSE,FALSE,Web App,Consumer,20,"Diner Roulette is a growing trend in restaurant-dense neighborhoods. In order to reduce their wait, customers put their names on the waitlist for many restaurants at once and then wait for a call from the first available one. The remaining restaurants are often stuck trying to reach this person, who is no longer interested in their business, before seating others - costing them time and reducing the accuracy of their wait time estimates. https://bitbucket.org/ah_cincy_mesa Mesa is a product aiming to solve this problem. The central component is a waitlist management app used by the hosting team of each restaurant. This app allows the hosting team to add new reservations, notify customers of table availability, and mark customers as being seated to close the reservation and remove that customer from ALL connected wait lists at other restaurants. Removing seated customers will allow for increased wait time estimations and allow more flexibility in preferential seating for all of the restaurants using Mesa. Analysis of the data collected can be used to improve restaurant operations and customer marketing / retention programs. From the customer side, a mobile app allows them to search for restaurants in a given area and be presented with a list containing basic restaurant details, price range / rating indicators, and current estimated wait times. Customers can then check in remotely (if the restaurant allows), review the remaining wait time, and receive notifications from the restaurants.",Mesa Cincy,,,Synchronized inter-diner waitlists
Angelhack-Cinci,7, No stack info.,Other,FALSE,FALSE,FALSE,FALSE,FALSE,FALSE,NA,Consumer,21,https://github.com/teachableCinci/teachable,Learnable,,,"A responsive, personalized education app"
Angelhack-Cinci,7, Android Adobe Photoshop Adobe Illustrator Parse Adobe After Effects Factual,Java,FALSE,FALSE,FALSE,FALSE,FALSE,FALSE,Android,Consumer,20,"Burger Guild is a constantly updated list of the best burgers crowdsourced by fellow users around where YOU are. No noise. No having to wait or seek out a top burgers list. ItÉ??s always in your pocket and always up to date. ItÉ??s all burgers, all the time. https://github.com/joshuarose/burger-guild-android",BurgerGuild,,,Interactive top burger list
Angelhack-Cinci,7, bluemix,Other,FALSE,FALSE,FALSE,FALSE,FALSE,FALSE,Web App,Finance,29,"MyStockTrader uses the same technical analysis strategies used by market technicians, but with broader and more thorough computational skill. MyStockTrader can be easily customized based on your risk preference as it responds to market trends, and is very simple to manage and monitor. https://github.com/kristinvand/MyStockTrader.git",MyStockTrader,,,Automated Stock Trading
Angelhack-Manhattan,7, No stack info.,Other,FALSE,FALSE,FALSE,FALSE,FALSE,FALSE,NA,Consumer,33,"Emotion recognition via image processing and machine learning to express emotion through social media, specifically Twitter.",TruthfulRecognition,I would like to see this work with crowds. Getting the moods of a group of people. Moods for events,"Very good, so much potential in the idea would have liked you talk more about business opportunities but impressed you executed that in the weekend.",How do you really feel?
Angelhack-Manhattan,7, Express.js Myo Raspberry Pi nodejs Cluster point,Javascript,FALSE,FALSE,FALSE,FALSE,FALSE,TRUE,Web App,Consumer,36,"Myonic lets you add IoT functionality and access to any existing technology that uses infrared -- from your dumb tv to your air conditioner. In addition to offering a single centralized website for all your appliances, Myonic comes with built-in Myo gesture support. With Myo on your arm, no longer will you have to search for a remote between the cushions. Better yet, all these devices and more can easily be added from our repository hosted on Clusterpoint. If you own a particularly obscure piece of technology that isn't on our list, you can train the Myonic with the original manufacturer's remote.",Myonic_,"Great idea. For your pitch, would recommend highlighting up front more clearly the problem you're solving.",I didn't really understand what the product was. Really cool demo!,Control your IR devices with Myo
Angelhack-Manhattan,7, bootstrap. node.js. RDBMS. Cloud.,Javascript,FALSE,FALSE,FALSE,FALSE,FALSE,TRUE,Web App,Consumer,21,"Our service is designed to match the emergency needs of NGO for volunteers with the short-term availability of volunteers. Both volunteers and NGOs must register on our site and fill in their profiles to take advantage of our service. The NGO announces its need for volunteers to say staff an event on a specific day and specifies what skills it needs from these volunteers. Prospective, available volunteers do a one-click registration on the site calendar. NGO reviews profiles of available volunteers and invites those volunteers it wants to show up.",Volunteer Match,"Great idea and model, but need to see more of the execution during the pitch.",You explained the product well and thought you handled the monetization question well. Don't understand if this is a big pain point for people or not.,Match volunteers' availability with short-term NGO need
Angelhack-Manhattan,7, Myo IBM WATSON Python Flask twitter api bluemix,Python,FALSE,FALSE,FALSE,TRUE,FALSE,FALSE,Web App,Consumer,16,"We supported Myo commands of specific sequences greater than 1, i.e, {Wave in, Wave Out} will cause a command. We use the Myo to start an application which records a voice clip, converts it to text, and sends a tweet.",Knesc,Definitely understood the idea and saw the novelty but even you admitted that it seemed like a harder way to access connected devices. If you were convicted that it was a good solution don't waver in that belief. Thought it had potential but demo was too difficult for something that is already really simple (sending a tweet),"This has a lot of potential, I would like to see a demo that is working with a door or some smart home accessory.",Push functionality for Myo with sequence support
Angelhack-Manhattan,7, No stack info.,Other,FALSE,FALSE,FALSE,FALSE,FALSE,FALSE,NA,Consumer,27,,MyoDrums,"Alright that was fun, good presentation. Would be great to see it applied to a more mature, social music app.","Very fun demo, and very well executed. Unsure of what the ultimate product would be. Would have been interested to understand long term vision of where it could go upfront.",Play the drums with a myoband and your phone over the internet!
Angelhack-Manhattan,7, node.js javascirpt,Javascript,FALSE,FALSE,FALSE,FALSE,FALSE,TRUE,Web App,Consumer,25,The purpose of the app is to help people acknowledge the number of times they use crutch words unconsciously. The app provides the user with a report of the number of times the crutch words are used in the sentence and also provides historical data on the usage of crutch words by the individual.,Crutch words catcher,"Really great concept, I think would like to see a crowd based concept for finding crutch words.","Interesting product see potential on other use cases besides ""crutch words"" I think the bigger problem is public speaking as a whole, that market is huge and people are all seeking to get better.",catches crutch words
Angelhack-Manhattan,7, Python Swift HTTP POST/GET Blockchain Python Flask iOS Web Security biohacking,Python,FALSE,FALSE,FALSE,TRUE,FALSE,FALSE,IOS,Consumer,108,"We built a system to allow for secure legal transactions over traditional document sharing platforms, such as Google Docs. To do this, we tackled two problems: user verification and disabling nefarious users. We verify the user via a thumbprint scan from their iPhone. We then limit untrustworthy users by storing sql databases locally on each user's computer while also storing a master sql database online. In order to guarantee transactions, multiple databases are referenced forming a blockchain.",Notary,Great demo. A really useful app that could replace some clunky incumbents.,Very good product. Demo worked as promised and think you are focused on an antiquated process. Would like to see what you cold make given more time!,Blockchain Contracts with Biometric Identification
Angelhack-Manhattan,7, No stack info.,Other,FALSE,FALSE,FALSE,FALSE,FALSE,FALSE,NA,Medical,32,It's an awesome app for fitness.,Body App,"Like the idea, the market is extremely saturated however making it a hard fight for the supply of trainer talent.",Really great interface and idea. I won't want to work out with people I would just go to the gym. The reason why I would buy the dvd is to make working out private,Uber for Fitness
Angelhack-Manhattan,7, Firebase Github Node facebook api twitter api Bootstrap Cluster point IBM sublimetext Express,Javascript,FALSE,FALSE,FALSE,FALSE,FALSE,TRUE,Web App,Consumer,76,RAK360 is a location based platform that will enable users who want to perform acts of kindness to connect with community members in need of assistance. Users in need can log on to RAK360 using their existing Facebook or Twitter accounts and send a flare for the specific services they need. The flare will be displayed on a map for any user to view and respond.,RAK360,"Think about the actual product you would bring to market, think you've built something of value but need to work on how you would turn it into a business if you actually want to scale.","I really love the idea , I would like to see the business model behind it.",Make a difference in the world today by helping someone
Angelhack-Manhattan,7, Meteor.js Semantic-UI,Javascript,FALSE,FALSE,FALSE,FALSE,FALSE,TRUE,Web App,Consumer,39,"Ibis is a note taking program created for scientists, it generates equations and diagrams, supports data-sets, and allows you to link them to your notes.",Ibis,"I understand the problem, but don't think it's something that requires an entirely new product. Also didn't get a great view of the product, would have spent more time on the demo.","Good intro. Tough with the technology problems/projector...I think the concept has potential. It seems like a fairly large undertaking. Would have liked to see ONE thing working very well. For a 24 hour period, the project/demo/deliverables seemed incomplete.",Scientific note taking software
Angelhack-Manhattan,7, node.js Amazon AWS Swift Cluster point,Javascript,FALSE,FALSE,FALSE,FALSE,FALSE,TRUE,IOS,Professional Services,40,"Huddle is an ios app that allows for easy access, storage, and distribution of business cards through the use of qr codes.",Huddle App,"Intro was too long. Some minor teamwork communication issues.. this is potentially a HUGE undertaking. Difficulty to show much during a 24 hour dev phase / 2 min demo. Others have tried to do this, why would you succeed instead? What is your motivation for doing this.","Solid demo, real problem. Try to think about how to actually transform how people share contacts. You basically took business cards and digitized them...so really the only pain point you solved was data entry and not having to carry around paper. I would encourage you to think about what contact sharing would look like now that we all have mobile phones.",Store and swap business cards virtually
Angelhack-Manhattan,7, JavaScript node.js Amazon AWS jQuery Angular twitter api MapBox AWS Elastic Beanstalk,Javascript,FALSE,FALSE,FALSE,FALSE,FALSE,TRUE,Web App,Consumer,50,,HYPEmap,"I would like to see more sources to pull from as the project evolves, and demographic information at the locations.","Really like the product, clear business opportunities.",Find the hype
Angelhack-Manhattan,7, PHP Swift Linux Arduino Development DynamoDB Amazon RDS,PHP,FALSE,FALSE,FALSE,FALSE,TRUE,FALSE,Hardware,Consumer,26,"Using an Intel Edison board to act as a pseudo bracelet, that would hold token information from an iPhone app. We created an iPhone app with a mySQL RDS backend, that would allow users to create a list of their credit cards. This app would also send the information of the credit card that the user would like to use at that time.",NFC Bracelet,"Didn't really articulate the problem that it's solving. Interesting problem and future implications, talk about it in terms of what else is. Happening similar to the mta transition.","Interesting demo, don't know if it solves the issue of having to carry around your wallet",NFC bracelet to replace a Wallet
Angelhack-Manhattan,7, Swift yelp api bluemix Branch.io HP Idol-on-demand Java EE twitter fabric MoPub,Java,FALSE,TRUE,FALSE,FALSE,FALSE,FALSE,IOS,Consumer,45,"Food tours are on the rise! Nourritour allows tourists to discover hidden treasures and find where locals create their special night out. Simply from the convenience of your mobile device and without the need of an expensive tour guide, NourriTour will select the best restaurants ranging from gastropubs to dive bars. Suited for your needs and price range, NourriTour will sate that spontaneous sweet tooth or satisfy all of your savory indulgences. Don't miss out! Begin your journey and personalize and design your next food tour with NourriTour!",NourriTour,Engaging pitch!,"Good idea, well executed in time. Focus on explaining more of the curation aspect, didn't understand how you are picking locations until the very end, that's a critical component of what you're building.",Food tours curated specifically for you!
Angelhack-Manhattan,7, node.js iOS MapBox Cluster point twitter fabric,Javascript,FALSE,FALSE,FALSE,FALSE,FALSE,TRUE,IOS,Consumer,65,"Bitter is a mobile application that allows users to share and explore the world around them one bit a time. Users can up-vote or down-vote the world around them at any point! They can take a picture and share cool discoveries, rad food carts, or even hidden gems of the city. Bitter aims to shorten and broaden the impact of the geo-social-mobile landscape by keeping it short, simple, and very visual. So what will you find?",Bitter,"Interesting product, could see it evolving. Would like to better understand how you would make money and how you're going to manage quality of votes.",Very hard to see how how you will make money.,Uncovering the world one bit at a time.
Angelhack-Manhattan,7, Express.js nodejs Cluster point,Javascript,FALSE,FALSE,FALSE,FALSE,FALSE,TRUE,Web App,Consumer,16,"Upload a file to horcrux, which will split it for you and upload it to different cloud storage spaces, effectively multiplying your free storage conveniently.",Horcrux,,,Leverage free cloud storage space
Angelhack-Manhattan,7, Amazon AWS twitter api Bootstrap MapBox Python/Django MapBox GL,Python,FALSE,FALSE,FALSE,TRUE,FALSE,FALSE,Web App,Consumer,35,MiniMap is a new type of map designed from ground up with mobile first in mind.,MiniMap,"Engaging presentation, develop the business model and saas model.",I think I saw this same idea and name at another hackaton.,What's next around you at a glance.
Angelhack-Manhattan,7, Ruby on Rails Amazon AWS Socket.io jQuery nodejs C#.NET WebRTC Bootstrap,Ruby,TRUE,FALSE,TRUE,FALSE,FALSE,TRUE,IOS,Consumer,60,"We provide cheap, interactive musical experiences for those underprivileged or unable to otherwise obtain an education in piano and other keyboard instruments. Using a fast, web-based video chat service as well as a pay-per-minute business plan, we allow for flexibility in both tutors and students looking to learn more about music. Our services area available both on the web and on mobile, so students and tutors can access what they need when they need it. From on-demand audio, visual, and interactive MIDI keyboard services, students have access to the full range of musical privileges that they would never otherwise obtain without Piano++. Check us out: https://github.com/smorsi/PianoPlusPlusSharp",Piano++,"Really liked the idea, like the interface. Think there is opportunity to make a lot of features more native to piano tutoring. Good job.",Excellent,"Live, interactive, realtime musical experiences"
Angelhack-Manhattan,7, JavaScript Ruby on Rails Adobe Photoshop Adobe Illustrator HTML5 CSS3 Sketch InVision,Ruby,TRUE,FALSE,FALSE,FALSE,FALSE,TRUE,Web App,Consumer,34,"New roommates want to fully stock their new apartment with dishes, appliances, and furniture, but it's tough to know who has the best couch, who has a full set of nice dishes, and who just has a nice smile. Enter MiMo, a service that allows new roommates to quickly and easily list what they already have. 1.) Using this information, MiMo compiles a shopping cart of necessary items. In one easy step, the group can buy all the necessities for a new apartment based on their stated budget. MiMo will be delay sending the order if necessary so that the items can be delivered to the new apartment on a specified day. 2.) Upon moving out, roommates can use MiMo to bid on household items that they want to take with them. MiMo will use each roommate's preferences to draw up a sheet of who pays what to whom, and who gets the nice couch. Full Clickable Prototype: http://invis.io/3Z3JDO9Q2",Move in Move out (MiMo),"Actually think the idea is very solid, clear monetization. Would have like to see how the ecommerce part of the demo functioned.","I want to address my team's demo. Please keep in mind (I'm looking at you, Mr. Jason Wisdom), I am on 1hr and half sleep the last two days. Not to be used as an excuse but it should be put out there. I'll go ahead and say it. I'm NOT a coder. I'm a designer. However, I DID have a full click enabled prototype ready for the team to present. My fellow teammates had no desire to show it even though it looked more finished than their actual coding. http://invis.io/3Z3JDO9Q2 is the link that was supposed to be shown and I would have been happy to have presented. I've presented ad campaigns before so this seemed no different to me. But because this was another team member's idea and he felt it necessary to make changes up until literally the last minute : he delivered an entire different ""scenario"" than the one I was told. Also Amazon was the original API that was going to be used. Where craigslist came from who knows. I certainly wasn't in the loop. And frankly neither was the guy working on the API stuff as far as the design process goes. This is where the entire disconnection comes into play concerning the demo. If I sound frustrated, I certainly am. I am happy to have furthered my knowledge in UX design, Sketch 3 and InVisionApp and I love the design I did before it was butchered but I will never do a code based hackathon again after this experience.",Manage furniture between roommates when moving
Angelhack-Manhattan,7, node.js Angular.js HTML5 Python Flask bluemix Cluster point,Javascript,FALSE,FALSE,FALSE,TRUE,FALSE,TRUE,Web App,Consumer,38,"There exist dozens upon dozens of event-planning companies that make event planning incredibly easy. Facebook and eventbrite events are great for big events like birthdays, anniversaries, even weddings. But, what about those 'low-key' events that don't need such rigorous event planning? What about food? I'm hungry, and I don't want to go alone; but I also don't want to message everyone. What about basketball at 7? There are tons of events that are too small to make a big deal about; these are exactly the activities that can be reached through this application. This application would be able to be added onto existing networks, like contact lists, or facebook friends, or twitter feeds (or really anything). You would be able to compile groups of friends (circles), and post these lowkey events to them. For example, with the food aspect of this application, you can submit your position, or where you're going to be, and your general hunger level. And people would be able to basically add on to it, and check off if they want to come. The post would remain up for a while, but would go down after a few hours (or as soon as the event happened). Anyone can join!",Lowkey,Good handling of Q&A. In spite of tech issues- applaud you for taking a risk and trying something new,"Kind of a neat concept. The demo showing looks very basic...not sure what it is supposed to do. Also, 1 minute to create a FB group is not a lot of time. Why would I learn an entire new platform just to save 50 seconds?",Low-key events organization (i.e. food and sports)
